NSKV;X;Y;UWI;UWI_WELL_BORE;SKV_NGT;KUST;SIMVOL;STATUS_DATE;EKSPLDATE;INJDATE;BEGDATE;LSTDATE;EKSPLINE;BLOCK1;BLOCK2;COEFF_DISTR;PLAST;OBJ;PLASTGLUB;FOND;NAZNACH;SOST;SPOSOB;PEREV;PLAST1;PLAST2;PLAST3;PLAST4;PLAST5;PLASTALL;VDEBLIQ;VPROCOBV;DEBLIQ;MPROCOBV;DEBOIL;DEBGAS;DEBWAT;PRIEM;WRDAY;SUMDEBLIQ;SUMDEBOIL;SUMDEBGAS;SUMDEBWAT;SUMPRIEM;SUMWRDAY;ACCLIQ;ACCOIL;ACCGAS;ACCWAT;WATINJ;SUMACCLIQ;SUMACCOIL;SUMACCGAS;SUMACCWAT;SUMWATINJ;SUMLSTDATE;ABSPLASTGLUB;MIN_TOP_PERF;ABS_MIN_TOP_PERF;INKL_LAST_UPDATE;ELEVATION;PRIEMGAS;SUMPRIEMGAS;GASINJ;SUMGASINJ;DEBCOND;SUMDEBCOND;ACCCOND;SUMACCCOND;DEBLIQCOND;MPROCOBVCOND;DEBOILCOND;SUMDEBLIQCOND;SUMDEBOILCOND;ACCLIQCOND;ACCOILCOND;SUMACCLIQCOND;SUMACCOILCOND;DEBNGAS;SUMDEBNGAS;ACCNGAS;SUMACCNGAS;LINK;LINK_ELAR
t;0;0;t;t;t;t;t;0;0;0;0;0;t;t;t;0;t;t;0;t;t;t;t;t;t;t;t;t;t;t;0;0;0;0;0;0;0;0;0;0;0;0;0;0;0;0;0;0;0;0;0;0;0;0;0;0;0;0;0;0;0;0;0;0;0;0;0;0;0;0;0;0;0;0;0;0;0;0;0;0;0;0;t;t
65P;488678.89;6989160.79;084_65R;084_65R;65Р;;34;01.10.2023;;;;;;;;0;БС12/1;БС12/1;2725.72;Неизвестный;Информация отсутствует;Неизвестный;Неизвестен;;;;;;;БС12/1;;;;;;;;;;;;;;;;;;;;;;;;;;;2600.75;;;04.12.2000 9:19;124.2;;;;;;;;;;;;;;;;;;;;;;http://10.69.167.34:8888/Php_sam/Delo_Skv/Davl.phtml?field_cod=084&uwi_name=084_65R&field_name=ОТДЕЛЬНОЕ;http://10.69.167.34:8888/Php_sam/Delo_Skv/El_arhiv_test.phtml?field_cod=084&uwi_name=084_65R&field_name=ОТДЕЛЬНОЕ
61P;487231.19;6986030.07;084_61R;084_61R;61Р;;34;01.10.2023;;;;;;;;0;БС12/1;БС12/1;2714.8;Неизвестный;Информация отсутствует;Неизвестный;Неизвестен;;;;;;;БС12/1;;;;;;;;;;;;;;;;;;;;;;;;;;;2590.72;;;04.12.2000 9:19;122.33;;;;;;;;;;;;;;;;;;;;;;http://10.69.167.34:8888/Php_sam/Delo_Skv/Davl.phtml?field_cod=084&uwi_name=084_61R&field_name=ОТДЕЛЬНОЕ;http://10.69.167.34:8888/Php_sam/Delo_Skv/El_arhiv_test.phtml?field_cod=084&uwi_name=084_61R&field_name=ОТДЕЛЬНОЕ
54P;488721.61;6979763.5;084_54R;084_54R;54Р;;34;01.10.2023;;;;;;;;0;БС12/1;БС12/1;2709;Неизвестный;Информация отсутствует;Неизвестный;Неизвестен;;;;;;;БС12/1;;;;;;;;;;;;;;;;;;;;;;;;;;;2593.68;;;;115.32;;;;;;;;;;;;;;;;;;;;;;http://10.69.167.34:8888/Php_sam/Delo_Skv/Davl.phtml?field_cod=084&uwi_name=084_54R&field_name=ОТДЕЛЬНОЕ;http://10.69.167.34:8888/Php_sam/Delo_Skv/El_arhiv_test.phtml?field_cod=084&uwi_name=084_54R&field_name=ОТДЕЛЬНОЕ
67P;488949.92;6994044.68;084_67R;084_67R;67Р;;34;01.10.2023;;;;;;;;0;БС12/1;БС12/1;2762.99;Неизвестный;Информация отсутствует;Неизвестный;Неизвестен;;;;;;;БС12/1;;;;;;;;;;;;;;;;;;;;;;;;;;;2643.68;;;;119.31;;;;;;;;;;;;;;;;;;;;;;http://10.69.167.34:8888/Php_sam/Delo_Skv/Davl.phtml?field_cod=084&uwi_name=084_67R&field_name=ОТДЕЛЬНОЕ;http://10.69.167.34:8888/Php_sam/Delo_Skv/El_arhiv_test.phtml?field_cod=084&uwi_name=084_67R&field_name=ОТДЕЛЬНОЕ
51P;493893.44;6985717.62;084_51R;084_51R;51Р;;34;01.10.2023;;;;;;;;0;БС12/1;БС12/1;2718.4;НЕФТЯНАЯ;Информация отсутствует;Неизвестный;Неизвестен;;;;;;;БС12/1;;;;;;;;;;;;;;;;;;;;;;;;;;;2593.4;;;;125;;;;;;;;;;;;;;;;;;;;;;http://10.69.167.34:8888/Php_sam/Delo_Skv/Davl.phtml?field_cod=084&uwi_name=084_51R&field_name=ОТДЕЛЬНОЕ;http://10.69.167.34:8888/Php_sam/Delo_Skv/El_arhiv_test.phtml?field_cod=084&uwi_name=084_51R&field_name=ОТДЕЛЬНОЕ
53P;493101.76;6977845.75;084_53R;084_53R;53Р;;124;01.10.2023;30.09.2002 0:00;;;;;Блок 32;Блок 32;0;БС12/1;БС12/1;2687.4;НЕФТЯНАЯ;Поисковая;В консервации;фонт;работает;;;;;;БС12/1;;;;;;;;;;;;;;;;;;;;;;;;;;;2570.96;;;;116.44;;;;;;;;;;;;;;;;;;;;;;http://10.69.167.34:8888/Php_sam/Delo_Skv/Davl.phtml?field_cod=084&uwi_name=084_53R&field_name=ОТДЕЛЬНОЕ;http://10.69.167.34:8888/Php_sam/Delo_Skv/El_arhiv_test.phtml?field_cod=084&uwi_name=084_53R&field_name=ОТДЕЛЬНОЕ
63P;493068.61;6980337.42;084_63R;084_63R;63Р;;34;01.10.2023;;;;;;;;0;БС12/1;БС12/1;2709.8;Неизвестный;Информация отсутствует;Неизвестный;Неизвестен;;;;;;;БС12/1;;;;;;;;;;;;;;;;;;;;;;;;;;;2588.76;;;04.12.2000 9:19;120.77;;;;;;;;;;;;;;;;;;;;;;http://10.69.167.34:8888/Php_sam/Delo_Skv/Davl.phtml?field_cod=084&uwi_name=084_63R&field_name=ОТДЕЛЬНОЕ;http://10.69.167.34:8888/Php_sam/Delo_Skv/El_arhiv_test.phtml?field_cod=084&uwi_name=084_63R&field_name=ОТДЕЛЬНОЕ
66P;494204.15;6994039.03;084_66R;084_66R;66Р;;34;01.10.2023;;;;;;;;0;БС12/1;БС12/1;2728.89;Неизвестный;Информация отсутствует;Неизвестный;Неизвестен;;;;;;;БС12/1;;;;;;;;;;;;;;;;;;;;;;;;;;;2606.15;;;;122.74;;;;;;;;;;;;;;;;;;;;;;http://10.69.167.34:8888/Php_sam/Delo_Skv/Davl.phtml?field_cod=084&uwi_name=084_66R&field_name=ОТДЕЛЬНОЕ;http://10.69.167.34:8888/Php_sam/Delo_Skv/El_arhiv_test.phtml?field_cod=084&uwi_name=084_66R&field_name=ОТДЕЛЬНОЕ
62P;490223.91;6985124.85;084_62R;084_62R;62Р;;124;01.10.2023;04.04.2017 0:00;;01.04.2017 0:00;01.11.2017 0:00;;Отсутствует;Отсутствует;0;БС12/1;БС12/1;2679.2;НЕФТЯНАЯ;Разведочные;В консервации;эцн;работает;;;;;;БС12/1;;1.5;;1.8;;;;;;;;;;;;3343.617;2730.471;0;613.146;0;3343.617;2730.471;0;613.146;0;01.11.2017 0:00;2555.9;2669;2545.7;;123.3;;;0;0;;;0;0;;;;;;3343.617;2730.471;3343.617;2730.471;;;139.001;139.001;http://10.69.167.34:8888/Php_sam/Delo_Skv/Davl.phtml?field_cod=084&uwi_name=084_62R&field_name=ОТДЕЛЬНОЕ;http://10.69.167.34:8888/Php_sam/Delo_Skv/El_arhiv_test.phtml?field_cod=084&uwi_name=084_62R&field_name=ОТДЕЛЬНОЕ
68P;492503.56;6983803.13;084_68R;084_68R;68Р;;124;01.10.2023;03.03.2017 0:00;;01.03.2017 0:00;01.03.2021 0:00;;Отсутствует;Отсутствует;0;БС12/1;БС12/1;2698;НЕФТЯНАЯ;Разведочные;В консервации;эцн;работает;;;;;;БС12/1;;98.1;;98.4;;;;;;;;;;;;36574.191;6611.703;0;29962.488;0;36574.191;6611.703;0;29962.488;0;01.03.2021 0:00;2574.05;2678;2554.06;04.12.2000 9:19;122.99;;;0;0;;;0;0;;;;;;36574.191;6611.703;36574.191;6611.703;;;496.026;496.026;http://10.69.167.34:8888/Php_sam/Delo_Skv/Davl.phtml?field_cod=084&uwi_name=084_68R&field_name=ОТДЕЛЬНОЕ;http://10.69.167.34:8888/Php_sam/Delo_Skv/El_arhiv_test.phtml?field_cod=084&uwi_name=084_68R&field_name=ОТДЕЛЬНОЕ
56P;491572.2;6975144.43;084_56R;084_56R;56Р;;34;01.10.2023;;;;;;;;0;БС12/1;БС12/1;2711;Неизвестный;Информация отсутствует;Неизвестный;Неизвестен;;;;;;;БС12/1;;;;;;;;;;;;;;;;;;;;;;;;;;;2596.49;;;;114.51;;;;;;;;;;;;;;;;;;;;;;http://10.69.167.34:8888/Php_sam/Delo_Skv/Davl.phtml?field_cod=084&uwi_name=084_56R&field_name=ОТДЕЛЬНОЕ;http://10.69.167.34:8888/Php_sam/Delo_Skv/El_arhiv_test.phtml?field_cod=084&uwi_name=084_56R&field_name=ОТДЕЛЬНОЕ
1_T3;490483.0135;6985191.229;084_1G2;084_1G2;1;1;33;01.10.2023;21.09.2017 0:00;;;;;;;;БС12/1;БС12/1;3812.7;НЕФТЯНАЯ;Нефтяные;В работе;эцн;работает;;;;;;БС12/1;;;;;;;;;;;;;;;;;;;;;;;;;;;2544.41;;;14.09.2017 10:13;125.7;;0;;0;;0;;0;;;;123.1;13.61;;;317531.84;206323.824;;1.09;;18549.972;http://10.69.167.34:8888/Php_sam/Delo_Skv/Davl.phtml?field_cod=084&uwi_name=084_1G2&field_name=ОТДЕЛЬНОЕ;http://10.69.167.34:8888/Php_sam/Delo_Skv/El_arhiv_test.phtml?field_cod=084&uwi_name=084_1G2&field_name=ОТДЕЛЬНОЕ
22_T3;492121.4901;6978382.069;084_22G2;084_22G2;22;2;33;01.10.2023;02.01.2018 0:00;;;;;;;;БС12/1;БС12/1;3783;НЕФТЯНАЯ;Нефтяные;В работе;эцн;работает;;;;;;БС12/1;;;;;;;;;;;;;;;;;;;;;;;;;;;2549.56;;;25.12.2017 17:50;122.4;;0;;0;;0;;0;;;;340.16;23.75;;;579617.173;246641.388;;1.9;;23586.143;http://10.69.167.34:8888/Php_sam/Delo_Skv/Davl.phtml?field_cod=084&uwi_name=084_22G2&field_name=ОТДЕЛЬНОЕ;http://10.69.167.34:8888/Php_sam/Delo_Skv/El_arhiv_test.phtml?field_cod=084&uwi_name=084_22G2&field_name=ОТДЕЛЬНОЕ
29_T3;493988.8874;6977620.91;084_29G2;084_29G2;29;2;33;01.10.2023;17.06.2018 0:00;;;;;;;;БС12/1;БС12/1;4380;НЕФТЯНАЯ;Нефтяные;В работе;эцн;работает;;;;;;БС12/1;;;;;;;;;;;;;;;;;;;;;;;;;;;2558.31;;;13.06.2018 11:07;122.4;;0;;0;;0;;0;;;;177.51;10.76;;;363441.975;70104.357;;0.86;;6738.081;http://10.69.167.34:8888/Php_sam/Delo_Skv/Davl.phtml?field_cod=084&uwi_name=084_29G2&field_name=ОТДЕЛЬНОЕ;http://10.69.167.34:8888/Php_sam/Delo_Skv/El_arhiv_test.phtml?field_cod=084&uwi_name=084_29G2&field_name=ОТДЕЛЬНОЕ
32_T3;490704.3249;6977823.103;084_32G2;084_32G2;32;2;33;01.10.2023;28.07.2018 0:00;;;;;;;;БС12/1;БС12/1;4453;НЕФТЯНАЯ;Нефтяные;В работе;эцн;работает;;;;;;БС12/1;;;;;;;;;;;;;;;;;;;;;;;;;;;2557.89;;;20.07.2018 9:21;122.4;;0;;0;;0;;0;;;;242.79;53.5;;;449217.308;268821.268;;4.28;;26995.054;http://10.69.167.34:8888/Php_sam/Delo_Skv/Davl.phtml?field_cod=084&uwi_name=084_32G2&field_name=ОТДЕЛЬНОЕ;http://10.69.167.34:8888/Php_sam/Delo_Skv/El_arhiv_test.phtml?field_cod=084&uwi_name=084_32G2&field_name=ОТДЕЛЬНОЕ
2_T3;492467.1586;6984069.239;084_2G2;084_2G2;2;1;33;01.10.2023;20.11.2017 0:00;;;;;;;;БС12/1;БС12/1;3787;НЕФТЯНАЯ;Нефтяные;В работе;эцн;работает;;;;;;БС12/1;;;;;;;;;;;;;;;;;;;;;;;;;;;2554.35;;;15.11.2017 15:35;125.7;;0;;0;;0;;0;;;;34.98;23.92;;;105346.491;80061.887;;4.32;;13294.806;http://10.69.167.34:8888/Php_sam/Delo_Skv/Davl.phtml?field_cod=084&uwi_name=084_2G2&field_name=ОТДЕЛЬНОЕ;http://10.69.167.34:8888/Php_sam/Delo_Skv/El_arhiv_test.phtml?field_cod=084&uwi_name=084_2G2&field_name=ОТДЕЛЬНОЕ
37_T3;493362.0171;6976896.878;084_37G;084_37G;37;2;33;01.10.2023;23.01.2023 0:00;;;;;;;;БС12/1;БС12/1;4588.36;НЕФТЯНАЯ;Нефтяные;В работе;эцн;работает;;;;;;БС12/1;;;;;;;;;;;;;;;;;;;;;;;;;;;2560.39;;;09.09.2022 7:33;128.3;;0;;0;;0;;0;;;;18.43;8.73;;;7647.225;1615.427;;0.7;;138.54;http://10.69.167.34:8888/Php_sam/Delo_Skv/Davl.phtml?field_cod=084&uwi_name=084_37G&field_name=ОТДЕЛЬНОЕ;http://10.69.167.34:8888/Php_sam/Delo_Skv/El_arhiv_test.phtml?field_cod=084&uwi_name=084_37G&field_name=ОТДЕЛЬНОЕ
38_T3;490735.7936;6976930.946;084_38G;084_38G;38;2;33;01.10.2023;16.10.2022 0:00;;;;;;;;БС12/1;БС12/1;4966.57;НЕФТЯНАЯ;Нефтяные;В работе;эцн;работает;;;;;;БС12/1;;;;;;;;;;;;;;;;;;;;;;;;;;;2557.12;;;18.10.2022 18:26;128.3;;0;;0;;0;;0;;;;124.29;88.68;;;36800.008;30375.271;;7.1;;2594.284;http://10.69.167.34:8888/Php_sam/Delo_Skv/Davl.phtml?field_cod=084&uwi_name=084_38G&field_name=ОТДЕЛЬНОЕ;http://10.69.167.34:8888/Php_sam/Delo_Skv/El_arhiv_test.phtml?field_cod=084&uwi_name=084_38G&field_name=ОТДЕЛЬНОЕ
55_T3;490639.6332;6987122.194;084_55G;084_55G;55;1;33;01.10.2023;27.07.2019 0:00;;;;;;;;БС12/1;БС12/1;4474;НЕФТЯНАЯ;Нефтяные;В работе;эцн;работает;;;;;;БС12/1;;;;;;;;;;;;;;;;;;;;;;;;;;;2554.58;;;19.07.2019 13:13;127.4;;0;;0;;0;;0;;;;15.11;5.37;;;51925.864;37537.729;;0.43;;4092.519;http://10.69.167.34:8888/Php_sam/Delo_Skv/Davl.phtml?field_cod=084&uwi_name=084_55G&field_name=ОТДЕЛЬНОЕ;http://10.69.167.34:8888/Php_sam/Delo_Skv/El_arhiv_test.phtml?field_cod=084&uwi_name=084_55G&field_name=ОТДЕЛЬНОЕ
61_T3;491715.9783;6982909.058;084_61G;084_61G;61;1;33;01.10.2023;18.08.2022 0:00;;;;;;;;БС12/1;БС12/1;3901.7;НЕФТЯНАЯ;Нефтяные;В работе;эцн;работает;;;;;;БС12/1;;;;;;;;;;;;;;;;;;;;;;;;;;;2558.18;;;26.07.2022 11:31;126.5;;0;;0;;0;;0;;;;43.85;35.69;;;14424.417;11890.317;;2.86;;1045.349;http://10.69.167.34:8888/Php_sam/Delo_Skv/Davl.phtml?field_cod=084&uwi_name=084_61G&field_name=ОТДЕЛЬНОЕ;http://10.69.167.34:8888/Php_sam/Delo_Skv/El_arhiv_test.phtml?field_cod=084&uwi_name=084_61G&field_name=ОТДЕЛЬНОЕ
24_T3;492271.9239;6977232.475;084_24G2;084_24G2;24;2;33;01.10.2023;15.02.2018 0:00;21.07.2023 0:00;;;;;;;БС12/1;БС12/1;4356.44;НАГНЕТАТЕЛЬНАЯ;Нефтяные;В работе;Нагнетательный;работает;;;;;;БС12/1;;;;;;;;;;;;;;;;;;;;;;;;;;;2555.36;;;26.01.2018 11:18;122.4;;0;;0;;0;;0;;;;0;0;;;491054.917;358782.001;;0;;17702.401;http://10.69.167.34:8888/Php_sam/Delo_Skv/Davl.phtml?field_cod=084&uwi_name=084_24G2&field_name=ОТДЕЛЬНОЕ;http://10.69.167.34:8888/Php_sam/Delo_Skv/El_arhiv_test.phtml?field_cod=084&uwi_name=084_24G2&field_name=ОТДЕЛЬНОЕ
58_T3;491520.7037;6982763.201;084_58G2;084_58G2;58;1;33;01.10.2023;25.04.2022 0:00;;;;;;;;БС12/1;БС12/1;4083.9;НЕФТЯНАЯ;Нефтяные;В работе;эцн;работает;;;;;;БС12/1;;;;;;;;;;;;;;;;;;;;;;;;;;;2557.55;;;21.04.2022 12:05;126.5;;0;;0;;0;;0;;;;123.24;34.02;;;58871.373;32090.927;;2.72;;2898.367;http://10.69.167.34:8888/Php_sam/Delo_Skv/Davl.phtml?field_cod=084&uwi_name=084_58G2&field_name=ОТДЕЛЬНОЕ;http://10.69.167.34:8888/Php_sam/Delo_Skv/El_arhiv_test.phtml?field_cod=084&uwi_name=084_58G2&field_name=ОТДЕЛЬНОЕ
28_T3;492827.8837;6978685.434;084_28G2;084_28G2;28;2;33;01.10.2023;30.05.2018 0:00;;;;;;;;БС12/1;БС12/1;3845.03;НЕФТЯНАЯ;Нефтяные;В работе;эцн;работает;;;;;;БС12/1;;;;;;;;;;;;;;;;;;;;;;;;;;;2564.87;;;28.05.2018 15:16;122.4;;0;;0;;0;;0;;;;225.39;7.81;;;373576.232;82474.026;;0.63;;7655.422;http://10.69.167.34:8888/Php_sam/Delo_Skv/Davl.phtml?field_cod=084&uwi_name=084_28G2&field_name=ОТДЕЛЬНОЕ;http://10.69.167.34:8888/Php_sam/Delo_Skv/El_arhiv_test.phtml?field_cod=084&uwi_name=084_28G2&field_name=ОТДЕЛЬНОЕ
6_T3;492220.5307;6984697.851;084_6G2;084_6G2;6;1;33;01.10.2023;07.02.2018 0:00;;;;;;;;БС12/1;БС12/1;4260;НЕФТЯНАЯ;Нефтяные;В работе;эцн;работает;;;;;;БС12/1;;;;;;;;;;;;;;;;;;;;;;;;;;;2551.45;;;26.01.2018 14:26;125.7;;0;;0;;0;;0;;;;18.08;9.5;;;78978.21;66498.962;;0.76;;6042.821;http://10.69.167.34:8888/Php_sam/Delo_Skv/Davl.phtml?field_cod=084&uwi_name=084_6G2&field_name=ОТДЕЛЬНОЕ;http://10.69.167.34:8888/Php_sam/Delo_Skv/El_arhiv_test.phtml?field_cod=084&uwi_name=084_6G2&field_name=ОТДЕЛЬНОЕ
59_T3;493500.3567;6983374.429;084_59G2;084_59G;59Г;1;33;01.10.2023;20.05.2022 0:00;;;;;;;0;БС12/1;БС12/1;4275;НЕФТЯНАЯ;Добывающая(ий);Пьезометрическая;эцн;работает;;;;;;БС12/1;;;;;;;;;;;;;;;;;;;;;;;;;;;2564.99;;;23.05.2022 14:31;126.5;;;;0;;;;0;;;;;;;;22451.971;1494.934;;;;145.084;http://10.69.167.34:8888/Php_sam/Delo_Skv/Davl.phtml?field_cod=084&uwi_name=084_59G2&field_name=ОТДЕЛЬНОЕ;http://10.69.167.34:8888/Php_sam/Delo_Skv/El_arhiv_test.phtml?field_cod=084&uwi_name=084_59G2&field_name=ОТДЕЛЬНОЕ
69P;488218.99;6999228.35;084_69R;084_69R;69Р;;34;01.10.2023;;;;;;;;0;БС12/1;БС12/1;2734.2;Неизвестный;Информация отсутствует;Неизвестный;Неизвестен;;;;;;;БС12/1;;;;;;;;;;;;;;;;;;;;;;;;;;;2614.06;;;;120.14;;;;;;;;;;;;;;;;;;;;;;http://10.69.167.34:8888/Php_sam/Delo_Skv/Davl.phtml?field_cod=084&uwi_name=084_69R&field_name=ОТДЕЛЬНОЕ;http://10.69.167.34:8888/Php_sam/Delo_Skv/El_arhiv_test.phtml?field_cod=084&uwi_name=084_69R&field_name=ОТДЕЛЬНОЕ
55P;494530.19;6979532.07;084_55R;084_55R;55Р;;34;01.10.2023;;;;;;;;0;БС12/1;БС12/1;2709.8;Неизвестный;Информация отсутствует;Неизвестный;Неизвестен;;;;;;;БС12/1;;;;;;;;;;;;;;;;;;;;;;;;;;;2591.3;;;;118.5;;;;;;;;;;;;;;;;;;;;;;http://10.69.167.34:8888/Php_sam/Delo_Skv/Davl.phtml?field_cod=084&uwi_name=084_55R&field_name=ОТДЕЛЬНОЕ;http://10.69.167.34:8888/Php_sam/Delo_Skv/El_arhiv_test.phtml?field_cod=084&uwi_name=084_55R&field_name=ОТДЕЛЬНОЕ
26_T3;490906.8776;6978979.662;084_26G2;084_26G2;26;2;33;01.10.2023;05.03.2018 0:00;;;;;;;;БС12/1;БС12/1;4068;НЕФТЯНАЯ;Нефтяные;В работе;эцн;работает;;;;;;БС12/1;;;;;;;;;;;;;;;;;;;;;;;;;;;2554.98;;;19.03.2018 10:13;122.4;;0;;0;;0;;0;;;;318.91;31.32;;;506992.892;230981.737;;2.51;;21778.96;http://10.69.167.34:8888/Php_sam/Delo_Skv/Davl.phtml?field_cod=084&uwi_name=084_26G2&field_name=ОТДЕЛЬНОЕ;http://10.69.167.34:8888/Php_sam/Delo_Skv/El_arhiv_test.phtml?field_cod=084&uwi_name=084_26G2&field_name=ОТДЕЛЬНОЕ
4_T3;490713.4347;6984459.855;084_4G2;084_4G2;4;1;33;01.10.2023;02.01.2018 0:00;;;;;;;;БС12/1;БС12/1;4052.22;НЕФТЯНАЯ;Нефтяные;В работе;эцн;работает;;;;;;БС12/1;;;;;;;;;;;;;;;;;;;;;;;;;;;2541.68;;;21.12.2017 9:10;125.7;;0;;0;;0;;0;;;;138.32;20.6;;;345971.783;233426.723;;2.36;;30898.6;http://10.69.167.34:8888/Php_sam/Delo_Skv/Davl.phtml?field_cod=084&uwi_name=084_4G2&field_name=ОТДЕЛЬНОЕ;http://10.69.167.34:8888/Php_sam/Delo_Skv/El_arhiv_test.phtml?field_cod=084&uwi_name=084_4G2&field_name=ОТДЕЛЬНОЕ
34_T3;492713.61;6976819.725;084_34G;084_34G;34;2;33;01.10.2023;26.06.2022 0:00;;;;;;;;БС12/1;БС12/1;4642.41;НЕФТЯНАЯ;Нефтяные;В работе;эцн;работает;;;;;;БС12/1;;;;;;;;;;;;;;;;;;;;;;;;;;;2559.33;;;24.06.2022 12:18;128.3;;0;;0;;0;;0;;;;118.61;68.5;;;54791.777;36951.758;;5.48;;3396.102;http://10.69.167.34:8888/Php_sam/Delo_Skv/Davl.phtml?field_cod=084&uwi_name=084_34G&field_name=ОТДЕЛЬНОЕ;http://10.69.167.34:8888/Php_sam/Delo_Skv/El_arhiv_test.phtml?field_cod=084&uwi_name=084_34G&field_name=ОТДЕЛЬНОЕ
36_T3;491928.123;6976719.901;084_36G;084_36G;36;2;33;01.10.2023;23.08.2022 0:00;;;;;;;;БС12/1;БС12/1;4659.3;НЕФТЯНАЯ;Нефтяные;В работе;эцн;работает;;;;;;БС12/1;;;;;;;;;;;;;;;;;;;;;;;;;;;2563.34;;;18.08.2022 14:33;128.3;;0;;0;;0;;0;;;;123.44;43.36;;;40067.583;22036.838;;3.47;;2035.412;http://10.69.167.34:8888/Php_sam/Delo_Skv/Davl.phtml?field_cod=084&uwi_name=084_36G&field_name=ОТДЕЛЬНОЕ;http://10.69.167.34:8888/Php_sam/Delo_Skv/El_arhiv_test.phtml?field_cod=084&uwi_name=084_36G&field_name=ОТДЕЛЬНОЕ
52_T3;491494.1113;6986388.862;084_52G;084_52G;52;1;33;01.10.2023;15.04.2019 0:00;;;;;;;;БС12/1;БС12/1;4377;НЕФТЯНАЯ;Нефтяные;В работе;эцн;работает;;;;;;БС12/1;;;;;;;;;;;;;;;;;;;;;;;;;;;2549.39;;;08.04.2019 12:06;127.4;;0;;0;;0;;0;;;;32.34;17.5;;;79113.657;56936.474;;1.4;;5980.883;http://10.69.167.34:8888/Php_sam/Delo_Skv/Davl.phtml?field_cod=084&uwi_name=084_52G&field_name=ОТДЕЛЬНОЕ;http://10.69.167.34:8888/Php_sam/Delo_Skv/El_arhiv_test.phtml?field_cod=084&uwi_name=084_52G&field_name=ОТДЕЛЬНОЕ
7_T3;489807.0868;6985311.018;084_7G3;084_7G3;7;1;33;01.10.2023;16.02.2020 0:00;;;;;;;;БС12/1;БС12/1;3648.1;НЕФТЯНАЯ;Нефтяные;В работе;эцн;работает;;;;;;БС12/1;;;;;;;;;;;;;;;;;;;;;;;;;;;2537.75;;;27.05.2019 9:55;125.7;;0;;0;;0;;0;;;;40.77;20.74;;;63002.578;21951.101;;1.66;;2294.264;http://10.69.167.34:8888/Php_sam/Delo_Skv/Davl.phtml?field_cod=084&uwi_name=084_7G3&field_name=ОТДЕЛЬНОЕ;http://10.69.167.34:8888/Php_sam/Delo_Skv/El_arhiv_test.phtml?field_cod=084&uwi_name=084_7G3&field_name=ОТДЕЛЬНОЕ
9_T3;490357.5528;6985942.294;084_9G2;084_9G2;9;1;33;01.10.2023;05.04.2018 0:00;;;;;;;;БС12/1;БС12/1;4108;НЕФТЯНАЯ;Нефтяные;В работе;эцн;работает;;;;;;БС12/1;;;;;;;;;;;;;;;;;;;;;;;;;;;2542.24;;;30.03.2018 11:17;125.7;;0;;0;;0;;0;;;;70.96;41.41;;;155089.199;120011.747;;3.32;;11715.756;http://10.69.167.34:8888/Php_sam/Delo_Skv/Davl.phtml?field_cod=084&uwi_name=084_9G2&field_name=ОТДЕЛЬНОЕ;http://10.69.167.34:8888/Php_sam/Delo_Skv/El_arhiv_test.phtml?field_cod=084&uwi_name=084_9G2&field_name=ОТДЕЛЬНОЕ
21_T3;492946.7;6977550.04;084_21G2;084_21G2;21;2;33;01.10.2023;04.10.2017 0:00;;;;;;;;БС12/1;БС12/1;4032.41;НЕФТЯНАЯ;Нефтяные;В работе;эцн;работает;;;;;;БС12/1;;;;;;;;;;;;;;;;;;;;;;;;;;;2562.09;;;27.09.2017 10:39;122.4;;0;;0;;0;;0;;;;215.17;33.19;;;480331.883;296049.644;;4.2;;40642.096;http://10.69.167.34:8888/Php_sam/Delo_Skv/Davl.phtml?field_cod=084&uwi_name=084_21G2&field_name=ОТДЕЛЬНОЕ;http://10.69.167.34:8888/Php_sam/Delo_Skv/El_arhiv_test.phtml?field_cod=084&uwi_name=084_21G2&field_name=ОТДЕЛЬНОЕ
30_T3;491589.5511;6979662.177;084_30G2;084_30G2;30;2;33;01.10.2023;02.07.2018 0:00;;;;;;;;БС12/1;БС12/1;3780;НЕФТЯНАЯ;Нефтяные;В работе;эцн;работает;;;;;;БС12/1;;;;;;;;;;;;;;;;;;;;;;;;;;;2564.55;;;25.06.2018 11:20;122.4;;0;;0;;0;;0;;;;331.27;10.08;;;410489.181;125056.181;;0.36;;6340.687;http://10.69.167.34:8888/Php_sam/Delo_Skv/Davl.phtml?field_cod=084&uwi_name=084_30G2&field_name=ОТДЕЛЬНОЕ;http://10.69.167.34:8888/Php_sam/Delo_Skv/El_arhiv_test.phtml?field_cod=084&uwi_name=084_30G2&field_name=ОТДЕЛЬНОЕ
40_T3;490284.3766;6977445.052;084_40G;084_40G;40;2;33;01.10.2023;12.12.2022 0:00;;;;;;;;БС12/1;БС12/1;5000;НЕФТЯНАЯ;Нефтяные;В работе;эцн;работает;;;;;;БС12/1;;;;;;;;;;;;;;;;;;;;;;;;;;;2559.59;;;14.12.2022 16:44;128.3;;0;;0;;0;;0;;;;91.84;34.49;;;27604.437;22610.238;;2.76;;1924.156;http://10.69.167.34:8888/Php_sam/Delo_Skv/Davl.phtml?field_cod=084&uwi_name=084_40G&field_name=ОТДЕЛЬНОЕ;http://10.69.167.34:8888/Php_sam/Delo_Skv/El_arhiv_test.phtml?field_cod=084&uwi_name=084_40G&field_name=ОТДЕЛЬНОЕ
25_T3;489904.5864;6978664.502;084_25G;084_25G;25;2;33;01.10.2023;29.08.2019 0:00;21.07.2019 0:00;;;;;;0;БС12/1;БС12/1;4131;ВОДОЗАБОРНАЯ;Нефтяные;В работе;эцн;на вышележащ.;;;;;;БС12/1 ПК1;;;;;;;;;;;;;;;;;;;;;;;;;;;2579.09;;;26.04.2019 15:00;122.4;;0;;0;;0;;0;;;;0;0;;;32988.704;8264.803;;0;;559.39;http://10.69.167.34:8888/Php_sam/Delo_Skv/Davl.phtml?field_cod=084&uwi_name=084_25G&field_name=ОТДЕЛЬНОЕ;http://10.69.167.34:8888/Php_sam/Delo_Skv/El_arhiv_test.phtml?field_cod=084&uwi_name=084_25G&field_name=ОТДЕЛЬНОЕ
25;490115.5364;6978839.022;084_25G;084_25G;25;2;117;01.10.2023;29.08.2019 0:00;21.07.2019 0:00;01.12.2017 0:00;01.08.2020 0:00;;;;0;БС12/1;БС12/1;3857;ВОДОЗАБОРНАЯ;Нефтяные;В работе;эцн;на вышележащ.;ПК1;;;;;БС12/1 ПК1;;;;;;;;;;0;0;0;0;0;30;32988.704;8264.803;0;24723.901;41870;32988.704;8264.803;0;24723.901;41870;01.09.2023 0:00;2572.13;3881.88;2573.5;26.04.2019 15:00;122.4;;0;0;0;;0;0;0;;;;0;0;32988.704;8264.803;32988.704;8264.803;;0;559.39;559.39;http://10.69.167.34:8888/Php_sam/Delo_Skv/Davl.phtml?field_cod=084&uwi_name=084_25G&field_name=ОТДЕЛЬНОЕ;http://10.69.167.34:8888/Php_sam/Delo_Skv/El_arhiv_test.phtml?field_cod=084&uwi_name=084_25G&field_name=ОТДЕЛЬНОЕ
35_T3;491200.6465;6976823.883;084_35G;084_35G;35;2;33;01.10.2023;25.07.2022 0:00;;;;;;;;БС12/1;БС12/1;4759;НЕФТЯНАЯ;Нефтяные;В работе;эцн;работает;;;;;;БС12/1;;;;;;;;;;;;;;;;;;;;;;;;;;;2558.52;;;13.07.2022 14:23;128.3;;0;;0;;0;;0;;;;141.99;84.91;;;52905.128;38165.259;;6.8;;3386.611;http://10.69.167.34:8888/Php_sam/Delo_Skv/Davl.phtml?field_cod=084&uwi_name=084_35G&field_name=ОТДЕЛЬНОЕ;http://10.69.167.34:8888/Php_sam/Delo_Skv/El_arhiv_test.phtml?field_cod=084&uwi_name=084_35G&field_name=ОТДЕЛЬНОЕ
54_T3;492033.8493;6982897.047;084_54G;084_54G;54;1;33;01.10.2023;03.07.2019 0:00;;;;;;;;БС12/1;БС12/1;3820;НЕФТЯНАЯ;Нефтяные;В работе;эцн;работает;;;;;;БС12/1;;;;;;;;;;;;;;;;;;;;;;;;;;;2557.88;;;28.06.2019 14:02;127.4;;0;;0;;0;;0;;;;13.53;8.27;;;83537.314;70628.968;;0.66;;7477.098;http://10.69.167.34:8888/Php_sam/Delo_Skv/Davl.phtml?field_cod=084&uwi_name=084_54G&field_name=ОТДЕЛЬНОЕ;http://10.69.167.34:8888/Php_sam/Delo_Skv/El_arhiv_test.phtml?field_cod=084&uwi_name=084_54G&field_name=ОТДЕЛЬНОЕ
60;490354.4175;6986269.348;084_60G;084_60G;60;1;102;01.10.2023;23.07.2022 0:00;22.01.2023 0:00;01.07.2022 0:00;01.09.2023 0:00;;Отсутствует;Отсутствует;1;БС12/1;БС12/1;3547.3;НАГНЕТАТЕЛЬНАЯ;Нефтяные;В работе;Нагнетательный;работает;;;;;;БС12/1;0;100;0;100;0;0;0;161.88;24;0;0;0;0;161.88;24;12694.404;308.376;0;12386.028;34081;12694.404;308.376;0;12386.028;34081;01.09.2023 0:00;2537.42;3630.83;2539.08;24.06.2022 12:18;126.5;0;0;0;0;0;0;0;0;0;;0;0;0;12694.404;308.376;12694.404;308.376;0;0;29.197;29.197;http://10.69.167.34:8888/Php_sam/Delo_Skv/Davl.phtml?field_cod=084&uwi_name=084_60G&field_name=ОТДЕЛЬНОЕ;http://10.69.167.34:8888/Php_sam/Delo_Skv/El_arhiv_test.phtml?field_cod=084&uwi_name=084_60G&field_name=ОТДЕЛЬНОЕ
58;490886.1119;6983245.354;084_58G2;084_58G2;58;1;84;01.10.2023;25.04.2022 0:00;;01.04.2022 0:00;01.09.2023 0:00;;;;1;БС12/1;БС12/1;3268;НЕФТЯНАЯ;Нефтяные;В работе;эцн;работает;;;;;;БС12/1;128.36;68.8;123.24;72.4;34.02;0;89.23;0;30;123.24;34.02;0;89.23;0;30;58871.373;32090.927;0;26780.446;0;58871.373;32090.927;0;26780.446;0;01.09.2023 0:00;2551.34;3302.76;2553.34;21.04.2022 12:05;126.5;0;0;0;0;0;0;0;0;123.24;72.4;34.02;123.24;34.02;58871.373;32090.927;58871.373;32090.927;2.72;2.72;2898.367;2898.367;http://10.69.167.34:8888/Php_sam/Delo_Skv/Davl.phtml?field_cod=084&uwi_name=084_58G2&field_name=ОТДЕЛЬНОЕ;http://10.69.167.34:8888/Php_sam/Delo_Skv/El_arhiv_test.phtml?field_cod=084&uwi_name=084_58G2&field_name=ОТДЕЛЬНОЕ
61;491302.7701;6983254.046;084_61G;084_61G;61;1;84;01.10.2023;18.08.2022 0:00;;01.08.2022 0:00;01.09.2023 0:00;;Отсутствует;Отсутствует;1;БС12/1;БС12/1;3363.2;НЕФТЯНАЯ;Нефтяные;В работе;эцн;работает;;;;;;БС12/1;50.07;16.1;43.85;18.6;35.69;0;8.16;0;30;43.85;35.69;0;8.16;0;30;14424.417;11890.317;0;2534.1;0;14424.417;11890.317;0;2534.1;0;01.09.2023 0:00;2554.36;3412.68;2556.32;26.07.2022 11:31;126.5;0;0;0;0;0;0;0;0;43.85;18.6;35.69;43.85;35.69;14424.417;11890.317;14424.417;11890.317;2.86;2.86;1045.349;1045.349;http://10.69.167.34:8888/Php_sam/Delo_Skv/Davl.phtml?field_cod=084&uwi_name=084_61G&field_name=ОТДЕЛЬНОЕ;http://10.69.167.34:8888/Php_sam/Delo_Skv/El_arhiv_test.phtml?field_cod=084&uwi_name=084_61G&field_name=ОТДЕЛЬНОЕ
26;491249.9904;6979765.581;084_26G2;084_26G2;26;2;84;01.10.2023;05.03.2018 0:00;;01.03.2018 0:00;01.09.2023 0:00;;;;1;БС12/1;БС12/1;3208;НЕФТЯНАЯ;Нефтяные;В работе;эцн;работает;;;;;;БС12/1;321.59;88.5;318.91;90.2;31.32;0;287.59;0;30;318.91;31.32;0;287.59;0;30;506992.892;230981.737;0;276011.155;0;506992.892;230981.737;0;276011.155;0;01.09.2023 0:00;2557.16;3208.89;2557.22;19.03.2018 10:13;122.4;0;0;0;0;0;0;0;0;318.91;90.2;31.32;318.91;31.32;506992.892;230981.737;506992.892;230981.737;2.51;2.51;21778.96;21778.96;http://10.69.167.34:8888/Php_sam/Delo_Skv/Davl.phtml?field_cod=084&uwi_name=084_26G2&field_name=ОТДЕЛЬНОЕ;http://10.69.167.34:8888/Php_sam/Delo_Skv/El_arhiv_test.phtml?field_cod=084&uwi_name=084_26G2&field_name=ОТДЕЛЬНОЕ
34;492562.2831;6977589.062;084_34G;084_34G;34;2;84;01.10.2023;26.06.2022 0:00;;01.06.2022 0:00;01.09.2023 0:00;;Отсутствует;Отсутствует;1;БС12/1;БС12/1;3858;НЕФТЯНАЯ;Нефтяные;В работе;эцн;работает;;;;;;БС12/1;130.2;38.1;118.61;42.3;68.5;0;50.11;0;30;118.61;68.5;0;50.11;0;30;54791.777;36951.758;0;17840.019;0;54791.777;36951.758;0;17840.019;0;01.09.2023 0:00;2556.02;3824.5;2555.26;24.06.2022 12:18;128.3;0;0;0;0;0;0;0;0;118.61;42.2;68.5;118.61;68.5;54791.777;36951.758;54791.777;36951.758;5.48;5.48;3396.102;3396.102;http://10.69.167.34:8888/Php_sam/Delo_Skv/Davl.phtml?field_cod=084&uwi_name=084_34G&field_name=ОТДЕЛЬНОЕ;http://10.69.167.34:8888/Php_sam/Delo_Skv/El_arhiv_test.phtml?field_cod=084&uwi_name=084_34G&field_name=ОТДЕЛЬНОЕ
53;492774.5409;6985226.314;084_53G;084_53G;53;1;84;01.10.2023;29.05.2019 0:00;;01.05.2019 0:00;01.09.2023 0:00;;Отсутствует;Отсутствует;1;БС12/1;БС12/1;3659.7;НЕФТЯНАЯ;Нефтяные;В работе;эцн;работает;;;;;;БС12/1;12;27.4;10.73;30.9;7.41;0;3.32;0;30;10.73;7.41;0;3.32;0;30;26904.864;23188.837;0;3716.027;0;26904.864;23188.837;0;3716.027;0;01.09.2023 0:00;2554.84;3712;2557.66;30.05.2019 9:11;127.4;0;0;0;0;0;0;0;0;10.73;30.9;7.41;10.73;7.41;26904.864;23188.837;26904.864;23188.837;0.59;0.59;2414.754;2414.754;http://10.69.167.34:8888/Php_sam/Delo_Skv/Davl.phtml?field_cod=084&uwi_name=084_53G&field_name=ОТДЕЛЬНОЕ;http://10.69.167.34:8888/Php_sam/Delo_Skv/El_arhiv_test.phtml?field_cod=084&uwi_name=084_53G&field_name=ОТДЕЛЬНОЕ
10;492715.6898;6984503.26;084_10G2;084_10G2;10;1;84;01.10.2023;09.05.2018 0:00;;01.05.2018 0:00;01.09.2023 0:00;;;;1;БС12/1;БС12/1;3408.3;НЕФТЯНАЯ;Нефтяные;В работе;эцн;работает;;;;;;БС12/1;16.82;27.5;15.04;31.1;10.36;0;4.67;0;30;15.04;10.36;0;4.67;0;30;49355.111;37982.224;0;11372.887;0;49355.111;37982.224;0;11372.887;0;01.09.2023 0:00;2551.42;3449;2553.68;03.05.2018 15:45;125.7;0;0;0;0;0;0;0;0;15.04;31.1;10.36;15.04;10.36;49355.111;37982.224;49355.111;37982.224;0.83;0.83;3609.087;3609.087;http://10.69.167.34:8888/Php_sam/Delo_Skv/Davl.phtml?field_cod=084&uwi_name=084_10G2&field_name=ОТДЕЛЬНОЕ;http://10.69.167.34:8888/Php_sam/Delo_Skv/El_arhiv_test.phtml?field_cod=084&uwi_name=084_10G2&field_name=ОТДЕЛЬНОЕ
40;490534.0784;6978124.244;084_40G;084_40G;40;2;84;01.10.2023;12.12.2022 0:00;;01.12.2022 0:00;01.09.2023 0:00;;Отсутствует;Отсутствует;1;БС12/1;БС12/1;4276.2;НЕФТЯНАЯ;Нефтяные;В работе;эцн;работает;;;;;;БС12/1;97.36;58.3;91.84;62.4;34.49;0;57.34;0;30;91.84;34.49;0;57.34;0;30;27604.437;22610.238;0;4994.199;0;27604.437;22610.238;0;4994.199;0;01.09.2023 0:00;2555.03;4286.3;2555.56;14.12.2022 16:44;128.3;0;0;0;0;0;0;0;0;91.84;62.4;34.49;91.84;34.49;27604.437;22610.238;27604.437;22610.238;2.76;2.76;1924.156;1924.156;http://10.69.167.34:8888/Php_sam/Delo_Skv/Davl.phtml?field_cod=084&uwi_name=084_40G&field_name=ОТДЕЛЬНОЕ;http://10.69.167.34:8888/Php_sam/Delo_Skv/El_arhiv_test.phtml?field_cod=084&uwi_name=084_40G&field_name=ОТДЕЛЬНОЕ
37;493199.7642;6977590.232;084_37G;084_37G;37;2;84;01.10.2023;23.01.2023 0:00;;01.01.2023 0:00;01.09.2023 0:00;;Отсутствует;Отсутствует;1;БС12/1;БС12/1;3875.4;НЕФТЯНАЯ;Нефтяные;В работе;эцн;работает;;;;;;БС12/1;19.87;48.3;18.43;52.6;8.73;0;9.69;0;30;18.43;8.73;0;9.69;0;30;7647.225;1615.427;0;6031.798;0;7647.225;1615.427;0;6031.798;0;01.09.2023 0:00;2554.1;3635.7;2494.1;09.09.2022 7:33;128.3;0;0;0;0;0;0;0;0;18.43;52.6;8.73;18.43;8.73;7647.225;1615.427;7647.225;1615.427;0.7;0.7;138.54;138.54;http://10.69.167.34:8888/Php_sam/Delo_Skv/Davl.phtml?field_cod=084&uwi_name=084_37G&field_name=ОТДЕЛЬНОЕ;http://10.69.167.34:8888/Php_sam/Delo_Skv/El_arhiv_test.phtml?field_cod=084&uwi_name=084_37G&field_name=ОТДЕЛЬНОЕ
32;491146.0548;6978639.872;084_32G2;084_32G2;32;2;84;01.10.2023;28.07.2018 0:00;;01.07.2018 0:00;01.09.2023 0:00;;;;1;БС12/1;БС12/1;3468.4;НЕФТЯНАЯ;Нефтяные;В работе;эцн;работает;;;;;;БС12/1;250.35;74.9;242.79;78;53.5;0;189.29;0;30;242.79;53.5;0;189.29;0;30;449217.308;268821.268;0;180396.04;0;449217.308;268821.268;0;180396.04;0;01.09.2023 0:00;2550.81;3473.16;2551.12;20.07.2018 9:21;122.4;0;0;0;0;0;0;0;0;242.79;78;53.5;242.79;53.5;449217.308;268821.268;449217.308;268821.268;4.28;4.28;26995.054;26995.054;http://10.69.167.34:8888/Php_sam/Delo_Skv/Davl.phtml?field_cod=084&uwi_name=084_32G2&field_name=ОТДЕЛЬНОЕ;http://10.69.167.34:8888/Php_sam/Delo_Skv/El_arhiv_test.phtml?field_cod=084&uwi_name=084_32G2&field_name=ОТДЕЛЬНОЕ
2;491843.7184;6984218.684;084_2G2;084_2G2;2;1;84;01.10.2023;20.11.2017 0:00;;01.11.2017 0:00;01.09.2023 0:00;;;;1;БС12/1;БС12/1;3124.2;НЕФТЯНАЯ;Нефтяные;В работе;эцн;работает;;;;;;БС12/1;39.09;28;34.98;31.6;23.92;0;11.05;0;30;34.98;23.92;0;11.05;0;30;105346.491;80061.887;0;25284.604;0;105346.491;80061.887;0;25284.604;0;01.09.2023 0:00;2545.9;3123;2545.87;15.11.2017 15:35;125.7;0;0;0;0;0;0;0;0;34.98;31.6;23.92;34.98;23.92;105346.491;80061.887;105346.491;80061.887;4.32;4.32;13294.806;13294.806;http://10.69.167.34:8888/Php_sam/Delo_Skv/Davl.phtml?field_cod=084&uwi_name=084_2G2&field_name=ОТДЕЛЬНОЕ;http://10.69.167.34:8888/Php_sam/Delo_Skv/El_arhiv_test.phtml?field_cod=084&uwi_name=084_2G2&field_name=ОТДЕЛЬНОЕ
56;492425.4922;6983324.928;084_56;084_56;56;1;102;01.10.2023;21.09.2019 0:00;21.09.2019 0:00;01.09.2019 0:00;01.09.2023 0:00;;Отсутствует;Отсутствует;1;БС12/1;БС12/1;3286;НАГНЕТАТЕЛЬНАЯ;Нагнетательные;В работе;Нагнетательный;работает;;;;;;БС12/1;0;100;0;100;0;0;0;351.56;27;0;0;0;0;351.56;27;0;0;0;0;293292;0;0;0;0;293292;01.09.2023 0:00;2553.5;3286;2553.5;05.08.2019 11:07;127.4;0;0;0;0;0;0;0;0;0;;0;0;0;0;0;0;0;0;0;0;0;http://10.69.167.34:8888/Php_sam/Delo_Skv/Davl.phtml?field_cod=084&uwi_name=084_56&field_name=ОТДЕЛЬНОЕ;http://10.69.167.34:8888/Php_sam/Delo_Skv/El_arhiv_test.phtml?field_cod=084&uwi_name=084_56&field_name=ОТДЕЛЬНОЕ
3;490260.0224;6983543.205;084_3;084_3;3;1;102;01.10.2023;13.12.2017 0:00;26.02.2018 0:00;01.12.2017 0:00;01.09.2023 0:00;;Отсутствует;Отсутствует;1;БС12/1;БС12/1;3148.4;НАГНЕТАТЕЛЬНАЯ;Нефтяные;В работе;Нагнетательный;работает;;;;;;БС12/1;0;100;0;100;0;0;0;173.59;25;0;0;0;0;173.59;25;2793.64;680.242;0;2113.398;478777.53;2793.64;680.242;0;2113.398;478777.53;01.09.2023 0:00;2590.1;3116;2557.71;02.10.2017 15:40;125.7;0;0;0;0;0;0;0;0;0;;0;0;0;2793.64;680.242;2793.64;680.242;0;0;47.747;47.747;http://10.69.167.34:8888/Php_sam/Delo_Skv/Davl.phtml?field_cod=084&uwi_name=084_3&field_name=ОТДЕЛЬНОЕ;http://10.69.167.34:8888/Php_sam/Delo_Skv/El_arhiv_test.phtml?field_cod=084&uwi_name=084_3&field_name=ОТДЕЛЬНОЕ
9;491132.2378;6985809.298;084_9G2;084_9G2;9;1;84;01.10.2023;05.04.2018 0:00;;01.04.2018 0:00;01.09.2023 0:00;;;;1;БС12/1;БС12/1;3285;НЕФТЯНАЯ;Нефтяные;В работе;эцн;работает;;;;;;БС12/1;77.98;37.5;70.96;41.6;41.41;0;29.55;0;30;70.96;41.41;0;29.55;0;30;155089.199;120011.747;0;35077.452;0;155089.199;120011.747;0;35077.452;0;01.09.2023 0:00;2545.04;3273.2;2544.03;30.03.2018 11:17;125.7;0;0;0;0;0;0;0;0;70.96;41.6;41.41;70.96;41.41;155089.199;120011.747;155089.199;120011.747;3.32;3.32;11715.756;11715.756;http://10.69.167.34:8888/Php_sam/Delo_Skv/Davl.phtml?field_cod=084&uwi_name=084_9G2&field_name=ОТДЕЛЬНОЕ;http://10.69.167.34:8888/Php_sam/Delo_Skv/El_arhiv_test.phtml?field_cod=084&uwi_name=084_9G2&field_name=ОТДЕЛЬНОЕ
10_T3;493292.4388;6984242.35;084_10G2;084_10G2;10;1;33;01.10.2023;09.05.2018 0:00;;;;;;;;БС12/1;БС12/1;4043;НЕФТЯНАЯ;Нефтяные;В работе;эцн;работает;;;;;;БС12/1;;;;;;;;;;;;;;;;;;;;;;;;;;;2557.21;;;03.05.2018 15:45;125.7;;0;;0;;0;;0;;;;15.04;10.36;;;49355.111;37982.224;;0.83;;3609.087;http://10.69.167.34:8888/Php_sam/Delo_Skv/Davl.phtml?field_cod=084&uwi_name=084_10G2&field_name=ОТДЕЛЬНОЕ;http://10.69.167.34:8888/Php_sam/Delo_Skv/El_arhiv_test.phtml?field_cod=084&uwi_name=084_10G2&field_name=ОТДЕЛЬНОЕ
50_T3;489433.4448;6986367.756;084_50G2;084_50G2;50;1;33;01.10.2023;16.05.2019 0:00;;;;;;;;БС12/1;БС12/1;4315;НЕФТЯНАЯ;Нефтяные;В работе;эцн;работает;;;;;;БС12/1;;;;;;;;;;;;;;;;;;;;;;;;;;;2557.07;;;19.02.2019 17:45;127.4;;0;;0;;0;;0;;;;58.87;2.14;;;40693.253;24589.467;;0.17;;2666.946;http://10.69.167.34:8888/Php_sam/Delo_Skv/Davl.phtml?field_cod=084&uwi_name=084_50G2&field_name=ОТДЕЛЬНОЕ;http://10.69.167.34:8888/Php_sam/Delo_Skv/El_arhiv_test.phtml?field_cod=084&uwi_name=084_50G2&field_name=ОТДЕЛЬНОЕ
60_T3;489959.8197;6987075.867;084_60G;084_60G;60;1;33;01.10.2023;23.07.2022 0:00;22.01.2023 0:00;;;;;;;БС12/1;БС12/1;4445.88;НАГНЕТАТЕЛЬНАЯ;Нефтяные;В работе;Нагнетательный;работает;;;;;;БС12/1;;;;;;;;;;;;;;;;;;;;;;;;;;;2543.39;;;24.06.2022 12:18;126.5;;0;;0;;0;;0;;;;0;0;;;12694.404;308.376;;0;;29.197;http://10.69.167.34:8888/Php_sam/Delo_Skv/Davl.phtml?field_cod=084&uwi_name=084_60G&field_name=ОТДЕЛЬНОЕ;http://10.69.167.34:8888/Php_sam/Delo_Skv/El_arhiv_test.phtml?field_cod=084&uwi_name=084_60G&field_name=ОТДЕЛЬНОЕ
125P;499169.33;6979806.98;084_125R;084_125R;125Р;;34;01.10.2023;;;;;;;;0;БС12/1;БС12/1;0;Неизвестный;Информация отсутствует;Неизвестный;Неизвестен;;;;;;;БС12/1;;;;;;;;;;;;;;;;;;;;;;;;;;;-125;;;;125;;;;;;;;;;;;;;;;;;;;;;http://10.69.167.34:8888/Php_sam/Delo_Skv/Davl.phtml?field_cod=084&uwi_name=084_125R&field_name=ОТДЕЛЬНОЕ;http://10.69.167.34:8888/Php_sam/Delo_Skv/El_arhiv_test.phtml?field_cod=084&uwi_name=084_125R&field_name=ОТДЕЛЬНОЕ
53_T3;493497.2843;6984709.02;084_53G;084_53G;53;1;33;01.10.2023;29.05.2019 0:00;;;;;;;;БС12/1;БС12/1;4549;НЕФТЯНАЯ;Нефтяные;В работе;эцн;работает;;;;;;БС12/1;;;;;;;;;;;;;;;;;;;;;;;;;;;2558.85;;;30.05.2019 9:11;127.4;;0;;0;;0;;0;;;;10.73;7.41;;;26904.864;23188.837;;0.59;;2414.754;http://10.69.167.34:8888/Php_sam/Delo_Skv/Davl.phtml?field_cod=084&uwi_name=084_53G&field_name=ОТДЕЛЬНОЕ;http://10.69.167.34:8888/Php_sam/Delo_Skv/El_arhiv_test.phtml?field_cod=084&uwi_name=084_53G&field_name=ОТДЕЛЬНОЕ
22;491949.3092;6979049.692;084_22G2;084_22G2;22;2;84;01.10.2023;02.01.2018 0:00;;01.01.2018 0:00;01.09.2023 0:00;;;;1;БС12/1;БС12/1;3088.6;НЕФТЯНАЯ;Нефтяные;В работе;эцн;работает;;;;;;БС12/1;341.22;91.8;340.16;93;23.75;0;316.41;0;30;340.16;23.75;0;316.41;0;30;579617.173;246641.388;0;332975.785;0;579617.173;246641.388;0;332975.785;0;01.09.2023 0:00;2550.89;3062.14;2548.2;25.12.2017 17:50;122.4;0;0;0;0;0;0;0;0;340.16;93;23.75;340.16;23.75;579617.173;246641.388;579617.173;246641.388;1.9;1.9;23586.143;23586.143;http://10.69.167.34:8888/Php_sam/Delo_Skv/Davl.phtml?field_cod=084&uwi_name=084_22G2&field_name=ОТДЕЛЬНОЕ;http://10.69.167.34:8888/Php_sam/Delo_Skv/El_arhiv_test.phtml?field_cod=084&uwi_name=084_22G2&field_name=ОТДЕЛЬНОЕ
39;491705.832;6977242.695;084_39G;084_39G;39;2;84;01.10.2023;09.11.2022 0:00;;01.11.2022 0:00;01.09.2023 0:00;;Отсутствует;Отсутствует;1;БС12/1;БС12/1;4249;НЕФТЯНАЯ;Нефтяные;В работе;эцн;работает;;;;;;БС12/1;103.76;39.6;94.77;43.8;53.29;0;41.48;0;30;94.77;53.29;0;41.48;0;30;15497.64;12660.379;0;2837.261;0;15497.64;12660.379;0;2837.261;0;01.09.2023 0:00;2558.65;4261.7;2559.14;01.11.2022 14:38;128.3;0;0;0;0;0;0;0;0;94.77;43.8;53.29;94.77;53.29;15497.64;12660.379;15497.64;12660.379;4.27;4.27;1053.513;1053.513;http://10.69.167.34:8888/Php_sam/Delo_Skv/Davl.phtml?field_cod=084&uwi_name=084_39G&field_name=ОТДЕЛЬНОЕ;http://10.69.167.34:8888/Php_sam/Delo_Skv/El_arhiv_test.phtml?field_cod=084&uwi_name=084_39G&field_name=ОТДЕЛЬНОЕ
27;491368.0205;6978020.946;084_27;084_27;27;2;102;01.10.2023;21.03.2018 0:00;17.07.2019 0:00;01.03.2018 0:00;01.09.2023 0:00;;Отсутствует;Отсутствует;1;БС12/1;БС12/1;3608.2;НАГНЕТАТЕЛЬНАЯ;Нефтяные;В работе;Нагнетательный;работает;;;;;;БС12/1;0;100;0;100;0;0;0;590.7;30;0;0;0;0;590.7;30;30410.422;25924.597;0;4485.825;725610.063;30410.422;25924.597;0;4485.825;725610.063;01.09.2023 0:00;2571.37;3579;2543.03;14.03.2018 14:31;122.4;0;0;0;0;0;0;0;0;0;;0;0;0;30410.422;25924.597;30410.422;25924.597;0;0;2015.396;2015.396;http://10.69.167.34:8888/Php_sam/Delo_Skv/Davl.phtml?field_cod=084&uwi_name=084_27&field_name=ОТДЕЛЬНОЕ;http://10.69.167.34:8888/Php_sam/Delo_Skv/El_arhiv_test.phtml?field_cod=084&uwi_name=084_27&field_name=ОТДЕЛЬНОЕ
28;492902.4425;6979388.221;084_28G2;084_28G2;28;2;84;01.10.2023;30.05.2018 0:00;;01.05.2018 0:00;01.09.2023 0:00;;;;1;БС12/1;БС12/1;3132.9;НЕФТЯНАЯ;Нефтяные;В работе;эцн;работает;;;;;;БС12/1;224.61;95.9;225.39;96.5;7.81;0;217.57;0;30;225.39;7.81;0;217.57;0;30;373576.232;82474.026;0;291102.206;0;373576.232;82474.026;0;291102.206;0;01.09.2023 0:00;2565.98;3181.36;2567.92;28.05.2018 15:16;122.4;0;0;0;0;0;0;0;0;225.39;96.5;7.81;225.39;7.81;373576.232;82474.026;373576.232;82474.026;0.63;0.63;7655.422;7655.422;http://10.69.167.34:8888/Php_sam/Delo_Skv/Davl.phtml?field_cod=084&uwi_name=084_28G2&field_name=ОТДЕЛЬНОЕ;http://10.69.167.34:8888/Php_sam/Delo_Skv/El_arhiv_test.phtml?field_cod=084&uwi_name=084_28G2&field_name=ОТДЕЛЬНОЕ
31;492508.393;6978373.512;084_31;084_31;31;2;102;01.10.2023;06.09.2017 0:00;12.05.2018 0:00;01.09.2017 0:00;01.09.2023 0:00;;Отсутствует;Отсутствует;1;БС12/1;БС12/1;3193.4;НАГНЕТАТЕЛЬНАЯ;Нефтяные;В работе;Нагнетательный;работает;;;;;;БС12/1;0;100;0;100;0;0;0;387.23;30;0;0;0;0;387.23;30;18836.171;17271.766;0;1564.405;696402.079;18836.171;17271.766;0;1564.405;696402.079;01.09.2023 0:00;2583.02;3158;2547.62;27.08.2017 8:08;122.4;0;0;0;0;0;0;0;0;0;;0;0;0;18836.171;17271.766;18836.171;17271.766;0;0;1055.041;1055.041;http://10.69.167.34:8888/Php_sam/Delo_Skv/Davl.phtml?field_cod=084&uwi_name=084_31&field_name=ОТДЕЛЬНОЕ;http://10.69.167.34:8888/Php_sam/Delo_Skv/El_arhiv_test.phtml?field_cod=084&uwi_name=084_31&field_name=ОТДЕЛЬНОЕ
36;491963.203;6977183.651;084_36G;084_36G;36;2;84;01.10.2023;23.08.2022 0:00;;01.08.2022 0:00;01.09.2023 0:00;;Отсутствует;Отсутствует;1;БС12/1;БС12/1;4194;НЕФТЯНАЯ;Нефтяные;В работе;эцн;работает;;;;;;БС12/1;130.3;60.9;123.44;64.9;43.36;0;80.09;0;30;123.44;43.36;0;80.09;0;30;40067.583;22036.838;0;18030.745;0;40067.583;22036.838;0;18030.745;0;01.09.2023 0:00;2558.03;4194.94;2558.05;18.08.2022 14:33;128.3;0;0;0;0;0;0;0;0;123.44;64.9;43.36;123.44;43.36;40067.583;22036.838;40067.583;22036.838;3.47;3.47;2035.412;2035.412;http://10.69.167.34:8888/Php_sam/Delo_Skv/Davl.phtml?field_cod=084&uwi_name=084_36G&field_name=ОТДЕЛЬНОЕ;http://10.69.167.34:8888/Php_sam/Delo_Skv/El_arhiv_test.phtml?field_cod=084&uwi_name=084_36G&field_name=ОТДЕЛЬНОЕ
54;491573.1953;6983482.604;084_54G;084_54G;54;1;84;01.10.2023;03.07.2019 0:00;;01.07.2019 0:00;01.09.2023 0:00;;Отсутствует;Отсутствует;1;БС12/1;БС12/1;3073.4;НЕФТЯНАЯ;Нефтяные;В работе;эцн;работает;;;;;;БС12/1;14.94;34.9;13.53;38.9;8.27;0;5.26;0;30;13.53;8.27;0;5.26;0;30;83537.314;70628.968;0;12908.346;0;83537.314;70628.968;0;12908.346;0;01.09.2023 0:00;2548.78;3074;2548.84;28.06.2019 14:02;127.4;0;0;0;0;0;0;0;0;13.53;38.9;8.27;13.53;8.27;83537.314;70628.968;83537.314;70628.968;0.66;0.66;7477.098;7477.098;http://10.69.167.34:8888/Php_sam/Delo_Skv/Davl.phtml?field_cod=084&uwi_name=084_54G&field_name=ОТДЕЛЬНОЕ;http://10.69.167.34:8888/Php_sam/Delo_Skv/El_arhiv_test.phtml?field_cod=084&uwi_name=084_54G&field_name=ОТДЕЛЬНОЕ
55;491105.6666;6986296.738;084_55G;084_55G;55;1;84;01.10.2023;27.07.2019 0:00;;01.07.2019 0:00;01.09.2023 0:00;;Отсутствует;Отсутствует;1;БС12/1;БС12/1;3525.5;НЕФТЯНАЯ;Нефтяные;В работе;эцн;работает;;;;;;БС12/1;15.96;60.4;15.11;64.5;5.37;0;9.74;0;30;15.11;5.37;0;9.74;0;30;51925.864;37537.729;0;14388.135;0;51925.864;37537.729;0;14388.135;0;01.09.2023 0:00;2543.52;3513;2542.39;19.07.2019 13:13;127.4;0;0;0;0;0;0;0;0;15.11;64.5;5.37;15.11;5.37;51925.864;37537.729;51925.864;37537.729;0.43;0.43;4092.519;4092.519;http://10.69.167.34:8888/Php_sam/Delo_Skv/Davl.phtml?field_cod=084&uwi_name=084_55G&field_name=ОТДЕЛЬНОЕ;http://10.69.167.34:8888/Php_sam/Delo_Skv/El_arhiv_test.phtml?field_cod=084&uwi_name=084_55G&field_name=ОТДЕЛЬНОЕ
30;492055.1344;6979747.782;084_30G2;084_30G2;30;2;84;01.10.2023;02.07.2018 0:00;;01.07.2018 0:00;01.09.2023 0:00;;;;1;БС12/1;БС12/1;3296.9;НЕФТЯНАЯ;Нефтяные;В работе;эцн;работает;;;;;;БС12/1;329.87;96.4;331.27;97;10.08;0;321.19;0;30;331.27;10.08;0;321.19;0;30;410489.181;125056.181;0;285433;0;410489.181;125056.181;0;285433;0;01.09.2023 0:00;2567.74;3222.3;2566.53;25.06.2018 11:20;122.4;0;0;0;0;0;0;0;0;331.27;97;10.08;331.27;10.08;410489.181;125056.181;410489.181;125056.181;0.36;0.36;6340.687;6340.687;http://10.69.167.34:8888/Php_sam/Delo_Skv/Davl.phtml?field_cod=084&uwi_name=084_30G2&field_name=ОТДЕЛЬНОЕ;http://10.69.167.34:8888/Php_sam/Delo_Skv/El_arhiv_test.phtml?field_cod=084&uwi_name=084_30G2&field_name=ОТДЕЛЬНОЕ
33;492512.0082;6979397.469;084_33;084_33;33;2;102;01.10.2023;22.08.2018 0:00;03.10.2018 0:00;01.08.2018 0:00;01.09.2023 0:00;;Отсутствует;Отсутствует;1;БС12/1;БС12/1;2796;НАГНЕТАТЕЛЬНАЯ;Нефтяные;В работе;Нагнетательный;работает;;;;;;БС12/1;0;100;0;100;0;0;0;419.79;24;0;0;0;0;419.79;24;4977.32;790.427;0;4186.893;464817.882;4977.32;790.427;0;4186.893;464817.882;01.09.2023 0:00;2591.38;2763;2558.38;06.08.2018 9:06;122.4;0;0;0;0;0;0;0;0;0;;0;0;0;4977.32;790.427;4977.32;790.427;0;0;67.401;67.401;http://10.69.167.34:8888/Php_sam/Delo_Skv/Davl.phtml?field_cod=084&uwi_name=084_33&field_name=ОТДЕЛЬНОЕ;http://10.69.167.34:8888/Php_sam/Delo_Skv/El_arhiv_test.phtml?field_cod=084&uwi_name=084_33&field_name=ОТДЕЛЬНОЕ
23;491371.074;6979041.928;084_23;084_23;23;2;102;01.10.2023;06.11.2017 0:00;27.08.2018 0:00;01.11.2017 0:00;01.09.2023 0:00;;Отсутствует;Отсутствует;1;БС12/1;БС12/1;3102.2;НАГНЕТАТЕЛЬНАЯ;Нефтяные;В работе;Нагнетательный;работает;;;;;;БС12/1;0;100;0;100;0;0;0;635.33;30;0;0;0;0;635.33;30;15934.506;15056.806;0;877.7;762885.701;15934.506;15056.806;0;877.7;762885.701;01.09.2023 0:00;2587.58;3064;2549.4;23.10.2017 8:20;122.4;0;0;0;0;0;0;0;0;0;;0;0;0;15934.506;15056.806;15934.506;15056.806;0;0;981.918;981.918;http://10.69.167.34:8888/Php_sam/Delo_Skv/Davl.phtml?field_cod=084&uwi_name=084_23&field_name=ОТДЕЛЬНОЕ;http://10.69.167.34:8888/Php_sam/Delo_Skv/El_arhiv_test.phtml?field_cod=084&uwi_name=084_23&field_name=ОТДЕЛЬНОЕ
51;492394.3507;6985537.128;084_51;084_51;51;1;102;01.10.2023;15.08.2019 0:00;13.08.2019 0:00;01.08.2019 0:00;01.09.2023 0:00;;Отсутствует;Отсутствует;1;БС12/1;БС12/1;3257.8;НАГНЕТАТЕЛЬНАЯ;Нефтяные;В работе;Нагнетательный;работает;;;;;;БС12/1;0;100;0;100;0;0;0;289.13;30;0;0;0;0;289.13;30;0;0;0;0;200372;0;0;0;0;200372;01.09.2023 0:00;2571.02;3232;2548.11;12.03.2019 11:39;127.4;0;0;0;0;0;0;0;0;0;;0;0;0;0;0;0;0;0;0;0;0;http://10.69.167.34:8888/Php_sam/Delo_Skv/Davl.phtml?field_cod=084&uwi_name=084_51&field_name=ОТДЕЛЬНОЕ;http://10.69.167.34:8888/Php_sam/Delo_Skv/El_arhiv_test.phtml?field_cod=084&uwi_name=084_51&field_name=ОТДЕЛЬНОЕ
29;493663.2139;6978453.307;084_29G2;084_29G2;29;2;84;01.10.2023;17.06.2018 0:00;;01.06.2018 0:00;01.09.2023 0:00;;;;1;БС12/1;БС12/1;3479.9;НЕФТЯНАЯ;Нефтяные;В работе;эцн;работает;;;;;;БС12/1;177.76;92.9;177.51;93.9;10.76;0;166.75;0;30;177.51;10.76;0;166.75;0;30;363441.975;70104.357;0;293337.618;0;363441.975;70104.357;0;293337.618;0;01.09.2023 0:00;2561.3;3419.92;2560.96;13.06.2018 11:07;122.4;0;0;0;0;0;0;0;0;177.51;93.9;10.76;177.51;10.76;363441.975;70104.357;363441.975;70104.357;0.86;0.86;6738.081;6738.081;http://10.69.167.34:8888/Php_sam/Delo_Skv/Davl.phtml?field_cod=084&uwi_name=084_29G2&field_name=ОТДЕЛЬНОЕ;http://10.69.167.34:8888/Php_sam/Delo_Skv/El_arhiv_test.phtml?field_cod=084&uwi_name=084_29G2&field_name=ОТДЕЛЬНОЕ
21;492955.0232;6978227.308;084_21G2;084_21G2;21;2;84;01.10.2023;04.10.2017 0:00;;01.10.2017 0:00;01.09.2023 0:00;;;;1;БС12/1;БС12/1;3351.3;НЕФТЯНАЯ;Нефтяные;В работе;эцн;работает;;;;;;БС12/1;219.22;82.2;215.17;84.6;33.19;0;181.98;0;30;215.17;33.19;0;181.98;0;30;480331.883;296049.644;0;184282.239;0;480331.883;296049.644;0;184282.239;0;01.09.2023 0:00;2556.77;3334;2555.32;27.09.2017 10:39;122.4;0;0;0;0;0;0;0;0;215.17;84.6;33.19;215.17;33.19;480331.883;296049.644;480331.883;296049.644;4.2;4.2;40642.096;40642.096;http://10.69.167.34:8888/Php_sam/Delo_Skv/Davl.phtml?field_cod=084&uwi_name=084_21G2&field_name=ОТДЕЛЬНОЕ;http://10.69.167.34:8888/Php_sam/Delo_Skv/El_arhiv_test.phtml?field_cod=084&uwi_name=084_21G2&field_name=ОТДЕЛЬНОЕ
7;490022.5006;6984989.544;084_7G3;084_7G3;7;1;84;01.10.2023;16.02.2020 0:00;;01.02.2020 0:00;01.09.2023 0:00;;;;1;БС12/1;БС12/1;3261;НЕФТЯНАЯ;Нефтяные;В работе;эцн;работает;;;;;;БС12/1;44.23;44.8;40.77;49.1;20.74;0;20.03;0;30;40.77;20.74;0;20.03;0;30;63002.578;21951.101;0;41051.477;0;63002.578;21951.101;0;41051.477;0;01.09.2023 0:00;2535.69;3298.57;2537.52;27.05.2019 9:55;125.7;0;0;0;0;0;0;0;0;40.77;49.1;20.74;40.77;20.74;63002.578;21951.101;63002.578;21951.101;1.66;1.66;2294.264;2294.264;http://10.69.167.34:8888/Php_sam/Delo_Skv/Davl.phtml?field_cod=084&uwi_name=084_7G3&field_name=ОТДЕЛЬНОЕ;http://10.69.167.34:8888/Php_sam/Delo_Skv/El_arhiv_test.phtml?field_cod=084&uwi_name=084_7G3&field_name=ОТДЕЛЬНОЕ
50;490093.9644;6985773.03;084_50G2;084_50G2;50;1;84;01.10.2023;16.05.2019 0:00;;01.05.2019 0:00;01.09.2023 0:00;;Отсутствует;Отсутствует;1;БС12/1;БС12/1;3405.6;НЕФТЯНАЯ;Нефтяные;В работе;эцн;работает;;;;;;БС12/1;58.69;95.7;58.87;96.4;2.14;0;56.73;0;30;58.87;2.14;0;56.73;0;30;40693.253;24589.467;0;16103.786;0;40693.253;24589.467;0;16103.786;0;01.09.2023 0:00;2531.01;3571.81;2550.65;19.02.2019 17:45;127.4;0;0;0;0;0;0;0;0;58.87;96.4;2.14;58.87;2.14;40693.253;24589.467;40693.253;24589.467;0.17;0.17;2666.946;2666.946;http://10.69.167.34:8888/Php_sam/Delo_Skv/Davl.phtml?field_cod=084&uwi_name=084_50G2&field_name=ОТДЕЛЬНОЕ;http://10.69.167.34:8888/Php_sam/Delo_Skv/El_arhiv_test.phtml?field_cod=084&uwi_name=084_50G2&field_name=ОТДЕЛЬНОЕ
35;491479.7512;6977505.264;084_35G;084_35G;35;2;84;01.10.2023;25.07.2022 0:00;;01.07.2022 0:00;01.09.2023 0:00;;Отсутствует;Отсутствует;1;БС12/1;БС12/1;4022.3;НЕФТЯНАЯ;Нефтяные;В работе;эцн;работает;;;;;;БС12/1;156.41;36.1;141.99;40.2;84.91;0;57.08;0;30;141.99;84.91;0;57.08;0;30;52905.128;38165.259;0;14739.869;0;52905.128;38165.259;0;14739.869;0;01.09.2023 0:00;2552.51;4172.52;2556.05;13.07.2022 14:23;128.3;0;0;0;0;0;0;0;0;141.99;40.2;84.91;141.99;84.91;52905.128;38165.259;52905.128;38165.259;6.8;6.8;3386.611;3386.611;http://10.69.167.34:8888/Php_sam/Delo_Skv/Davl.phtml?field_cod=084&uwi_name=084_35G&field_name=ОТДЕЛЬНОЕ;http://10.69.167.34:8888/Php_sam/Delo_Skv/El_arhiv_test.phtml?field_cod=084&uwi_name=084_35G&field_name=ОТДЕЛЬНОЕ
24;491943.1962;6977973.432;084_24G2;084_24G2;24;2;102;01.10.2023;15.02.2018 0:00;21.07.2023 0:00;01.02.2018 0:00;01.09.2023 0:00;;;;1;БС12/1;БС12/1;3529.4;НАГНЕТАТЕЛЬНАЯ;Нефтяные;В работе;Нагнетательный;работает;;;;;;БС12/1;0;100;0;100;0;0;0;186.93;30;0;0;0;0;186.93;30;491054.917;358782.001;0;132272.916;12495;491054.917;358782.001;0;132272.916;12495;01.09.2023 0:00;2557.61;3352.55;2532.89;26.01.2018 11:18;122.4;0;0;0;0;0;0;0;0;0;;0;0;0;491054.917;358782.001;491054.917;358782.001;0;0;17702.401;17702.401;http://10.69.167.34:8888/Php_sam/Delo_Skv/Davl.phtml?field_cod=084&uwi_name=084_24G2&field_name=ОТДЕЛЬНОЕ;http://10.69.167.34:8888/Php_sam/Delo_Skv/El_arhiv_test.phtml?field_cod=084&uwi_name=084_24G2&field_name=ОТДЕЛЬНОЕ
1;491016.3977;6984934.475;084_1G2;084_1G2;1;1;84;01.10.2023;21.09.2017 0:00;;01.09.2017 0:00;01.09.2023 0:00;;;;1;БС12/1;БС12/1;3211.5;НЕФТЯНАЯ;Нефтяные;В работе;эцн;работает;;;;;;БС12/1;124.42;87.1;123.1;88.9;13.61;0;109.5;0;30;123.1;13.61;0;109.5;0;30;317531.84;206323.824;0;111208.016;0;317531.84;206323.824;0;111208.016;0;01.09.2023 0:00;2546.7;3022;2544.28;14.09.2017 10:13;125.7;0;0;0;0;0;0;0;0;123.1;89;13.61;123.1;13.61;317531.84;206323.824;317531.84;206323.824;1.09;1.09;18549.972;18549.972;http://10.69.167.34:8888/Php_sam/Delo_Skv/Davl.phtml?field_cod=084&uwi_name=084_1G2&field_name=ОТДЕЛЬНОЕ;http://10.69.167.34:8888/Php_sam/Delo_Skv/El_arhiv_test.phtml?field_cod=084&uwi_name=084_1G2&field_name=ОТДЕЛЬНОЕ
59;492817.9173;6983732.504;084_59G2;084_59G;59Г;1;115;01.10.2023;20.05.2022 0:00;;01.07.2022 0:00;01.08.2023 0:00;;;;0;БС12/1;БС12/1;3488;НЕФТЯНАЯ;Добывающая(ий);Пьезометрическая;эцн;работает;;;;;;БС12/1;;95.9;;96.5;;;;;;;;;;;;22451.971;1494.934;0;20957.037;0;22451.971;1494.934;0;20957.037;0;01.08.2023 0:00;2556.75;3530.06;2560.1;23.05.2022 14:31;126.5;;;0;0;;;0;0;;;;;;22451.971;1494.934;22451.971;1494.934;;;145.084;145.084;http://10.69.167.34:8888/Php_sam/Delo_Skv/Davl.phtml?field_cod=084&uwi_name=084_59G2&field_name=ОТДЕЛЬНОЕ;http://10.69.167.34:8888/Php_sam/Delo_Skv/El_arhiv_test.phtml?field_cod=084&uwi_name=084_59G2&field_name=ОТДЕЛЬНОЕ
5;491447.5875;6984531.227;084_5;084_5;5;1;102;01.10.2023;08.09.2017 0:00;24.03.2018 0:00;01.09.2017 0:00;01.09.2023 0:00;;Отсутствует;Отсутствует;1;БС12/1;БС12/1;2723.2;НАГНЕТАТЕЛЬНАЯ;Нефтяные;В работе;Нагнетательный;работает;;;;;;БС12/1;0;100;0;100;0;0;0;420.45;25;0;0;0;0;420.45;25;16548.428;13302.917;0;3245.511;604196.745;16548.428;13302.917;0;3245.511;604196.745;01.09.2023 0:00;2568.42;2701;2546.22;16.08.2017 11:36;125.7;0;0;0;0;0;0;0;0;0;;0;0;0;16548.428;13302.917;16548.428;13302.917;0;0;791.271;791.271;http://10.69.167.34:8888/Php_sam/Delo_Skv/Davl.phtml?field_cod=084&uwi_name=084_5&field_name=ОТДЕЛЬНОЕ;http://10.69.167.34:8888/Php_sam/Delo_Skv/El_arhiv_test.phtml?field_cod=084&uwi_name=084_5&field_name=ОТДЕЛЬНОЕ
38;491051.0702;6977665.127;084_38G;084_38G;38;2;84;01.10.2023;16.10.2022 0:00;;01.10.2022 0:00;01.09.2023 0:00;;Отсутствует;Отсутствует;1;БС12/1;БС12/1;4167.1;НЕФТЯНАЯ;Нефтяные;В работе;эцн;работает;;;;;;БС12/1;139.59;25.3;124.29;28.6;88.68;0;35.61;0;30;124.29;88.68;0;35.61;0;30;36800.008;30375.271;0;6424.737;0;36800.008;30375.271;0;6424.737;0;01.09.2023 0:00;2549.87;4328.04;2553.8;18.10.2022 18:26;128.3;0;0;0;0;0;0;0;0;124.29;28.7;88.68;124.29;88.68;36800.008;30375.271;36800.008;30375.271;7.1;7.1;2594.284;2594.284;http://10.69.167.34:8888/Php_sam/Delo_Skv/Davl.phtml?field_cod=084&uwi_name=084_38G&field_name=ОТДЕЛЬНОЕ;http://10.69.167.34:8888/Php_sam/Delo_Skv/El_arhiv_test.phtml?field_cod=084&uwi_name=084_38G&field_name=ОТДЕЛЬНОЕ
6;491788.9461;6985285.924;084_6G2;084_6G2;6;1;84;01.10.2023;07.02.2018 0:00;;01.02.2018 0:00;01.09.2023 0:00;;;;1;БС12/1;БС12/1;3525.4;НЕФТЯНАЯ;Нефтяные;В работе;эцн;работает;;;;;;БС12/1;19.67;43.2;18.08;47.5;9.5;0;8.58;0;30;18.08;9.5;0;8.58;0;30;78978.21;66498.962;0;12479.248;0;78978.21;66498.962;0;12479.248;0;01.09.2023 0:00;2543.58;3505.69;2543;26.01.2018 14:26;125.7;0;0;0;0;0;0;0;0;18.08;47.5;9.5;18.08;9.5;78978.21;66498.962;78978.21;66498.962;0.76;0.76;6042.821;6042.821;http://10.69.167.34:8888/Php_sam/Delo_Skv/Davl.phtml?field_cod=084&uwi_name=084_6G2&field_name=ОТДЕЛЬНОЕ;http://10.69.167.34:8888/Php_sam/Delo_Skv/El_arhiv_test.phtml?field_cod=084&uwi_name=084_6G2&field_name=ОТДЕЛЬНОЕ
4;491120.707;6983820.346;084_4G2;084_4G2;4;1;84;01.10.2023;02.01.2018 0:00;;01.01.2018 0:00;01.09.2023 0:00;;;;1;БС12/1;БС12/1;3289.3;НЕФТЯНАЯ;Нефтяные;В работе;эцн;работает;;;;;;БС12/1;140.79;82.8;138.32;85.1;20.6;0;117.72;0;30;138.32;20.6;0;117.72;0;30;345971.783;233426.723;0;112545.06;0;345971.783;233426.723;0;112545.06;0;01.09.2023 0:00;2547.38;3260;2545.96;21.12.2017 9:10;125.7;0;0;0;0;0;0;0;0;138.32;85.1;20.6;138.32;20.6;345971.783;233426.723;345971.783;233426.723;2.36;2.36;30898.6;30898.6;http://10.69.167.34:8888/Php_sam/Delo_Skv/Davl.phtml?field_cod=084&uwi_name=084_4G2&field_name=ОТДЕЛЬНОЕ;http://10.69.167.34:8888/Php_sam/Delo_Skv/El_arhiv_test.phtml?field_cod=084&uwi_name=084_4G2&field_name=ОТДЕЛЬНОЕ
57;490374.1942;6985537.245;084_57;084_57;57;1;102;01.10.2023;19.09.2019 0:00;19.09.2019 0:00;01.09.2019 0:00;01.09.2023 0:00;;Отсутствует;Отсутствует;1;БС12/1;БС12/1;3135;НАГНЕТАТЕЛЬНАЯ;Нагнетательные;В работе;Нагнетательный;работает;;;;;;БС12/1;0;100;0;100;0;0;0;242.77;30;0;0;0;0;242.77;30;0;0;0;0;352124.082;0;0;0;0;352124.082;01.09.2023 0:00;2556.12;3113;2535.03;19.08.2019 8:13;127.4;0;0;0;0;0;0;0;0;0;;0;0;0;0;0;0;0;0;0;0;0;http://10.69.167.34:8888/Php_sam/Delo_Skv/Davl.phtml?field_cod=084&uwi_name=084_57&field_name=ОТДЕЛЬНОЕ;http://10.69.167.34:8888/Php_sam/Delo_Skv/El_arhiv_test.phtml?field_cod=084&uwi_name=084_57&field_name=ОТДЕЛЬНОЕ
52;492060.6913;6985643.352;084_52G;084_52G;52;1;84;01.10.2023;15.04.2019 0:00;;01.04.2019 0:00;01.09.2023 0:00;;Отсутствует;Отсутствует;1;БС12/1;БС12/1;3439;НЕФТЯНАЯ;Нефтяные;В работе;эцн;работает;;;;;;БС12/1;35.28;41.6;32.34;45.9;17.5;0;14.83;0;30;32.34;17.5;0;14.83;0;30;79113.657;56936.474;0;22177.183;0;79113.657;56936.474;0;22177.183;0;01.09.2023 0:00;2547.17;3442.56;2547.7;08.04.2019 12:06;127.4;0;0;0;0;0;0;0;0;32.34;45.9;17.5;32.34;17.5;79113.657;56936.474;79113.657;56936.474;1.4;1.4;5980.883;5980.883;http://10.69.167.34:8888/Php_sam/Delo_Skv/Davl.phtml?field_cod=084&uwi_name=084_52G&field_name=ОТДЕЛЬНОЕ;http://10.69.167.34:8888/Php_sam/Delo_Skv/El_arhiv_test.phtml?field_cod=084&uwi_name=084_52G&field_name=ОТДЕЛЬНОЕ
39_T3;491601.1301;6976835.234;084_39G;084_39G;39;2;33;01.10.2023;09.11.2022 0:00;;;;;;;;БС12/1;БС12/1;4670;НЕФТЯНАЯ;Нефтяные;В работе;эцн;работает;;;;;;БС12/1;;;;;;;;;;;;;;;;;;;;;;;;;;;2561.97;;;01.11.2022 14:38;128.3;;0;;0;;0;;0;;;;94.77;53.29;;;15497.64;12660.379;;4.27;;1053.513;http://10.69.167.34:8888/Php_sam/Delo_Skv/Davl.phtml?field_cod=084&uwi_name=084_39G&field_name=ОТДЕЛЬНОЕ;http://10.69.167.34:8888/Php_sam/Delo_Skv/El_arhiv_test.phtml?field_cod=084&uwi_name=084_39G&field_name=ОТДЕЛЬНОЕ
